{
  "processed_frames": 14,
  "total_runtime_sec": 28.0754,
  "average_fps": 0.4987,
  "average_latency_per_frame_ms": 1981.9928,
  "bottleneck_stage": "grounding_dino_inference",
  "bottleneck_avg_ms": 536.0281,
  "stage_statistics": {
    "frame_load": {
      "avg_ms": 397.47873264285715,
      "min_ms": 367.404649,
      "max_ms": 504.610753,
      "p50_ms": 387.2363865,
      "p90_ms": 433.41056890000004,
      "p95_ms": 467.18945544999997,
      "p99_ms": 497.12649349
    },
    "preprocessing": {
      "avg_ms": 12.245719928571429,
      "min_ms": 8.153562,
      "max_ms": 46.762167,
      "p50_ms": 9.5621485,
      "p90_ms": 12.512548800000003,
      "p95_ms": 24.959298899999986,
      "p99_ms": 42.40159337999997
    },
    "grounding_dino_inference": {
      "avg_ms": 536.0280734285715,
      "min_ms": 320.341766,
      "max_ms": 2957.7136,
      "p50_ms": 349.4476545,
      "p90_ms": 369.0020489,
      "p95_ms": 1275.582085949999,
      "p99_ms": 2621.287297189998
    },
    "sam2_inference": {
      "avg_ms": 440.39808971428573,
      "min_ms": 305.001281,
      "max_ms": 836.100131,
      "p50_ms": 427.039852,
      "p90_ms": 554.1602628,
      "p95_ms": 671.0597561499999,
      "p99_ms": 803.0920560299999
    },
    "postprocessing": {
      "avg_ms": 15.992615357142862,
      "min_ms": 12.893366,
      "max_ms": 28.35796,
      "p50_ms": 14.273952000000001,
      "p90_ms": 18.4719954,
      "p95_ms": 22.142371399999995,
      "p99_ms": 27.11484227999999
    },
    "temporal_tracking": {
      "avg_ms": 0.004594714285714286,
      "min_ms": 0.00307,
      "max_ms": 0.014823,
      "p50_ms": 0.0038545000000000003,
      "p90_ms": 0.0044819000000000005,
      "p95_ms": 0.008139699999999996,
      "p99_ms": 0.01348633999999999
    },
    "vlm_explanation": {
      "avg_ms": 347.0076145714285,
      "min_ms": 0.020456,
      "max_ms": 2332.93885,
      "p50_ms": 0.0270355,
      "p90_ms": 688.4168973000001,
      "p95_ms": 1274.4166891999994,
      "p99_ms": 2121.2344178399985
    },
    "risk_engine": {
      "avg_ms": 0.01647107142857143,
      "min_ms": 0.012163,
      "max_ms": 0.041015,
      "p50_ms": 0.0143255,
      "p90_ms": 0.016857,
      "p95_ms": 0.025497549999999994,
      "p99_ms": 0.03791150999999998
    },
    "visualization": {
      "avg_ms": 232.72501971428574,
      "min_ms": 132.021032,
      "max_ms": 410.011588,
      "p50_ms": 214.1579575,
      "p90_ms": 373.2157384000001,
      "p95_ms": 404.76618744999996,
      "p99_ms": 408.96250789
    },
    "json_write": {
      "avg_ms": 0.033147928571428564,
      "min_ms": 0.023492,
      "max_ms": 0.046456,
      "p50_ms": 0.0293015,
      "p90_ms": 0.0442892,
      "p95_ms": 0.04517549999999999,
      "p99_ms": 0.046199899999999995
    },
    "total_per_frame": {
      "avg_ms": 1981.992831571428,
      "min_ms": 1196.663123,
      "max_ms": 6955.316316,
      "p50_ms": 1524.5181284999999,
      "p90_ms": 2222.2178185000002,
      "p95_ms": 3902.2741140499984,
      "p99_ms": 6344.707875609996
    }
  },
  "notes": "Timings include active backend inference paths."
}