{
  "processed_frames": 42,
  "total_runtime_sec": 6.474906,
  "average_fps": 6.4866,
  "average_latency_per_frame_ms": 152.9304,
  "bottleneck_stage": "frame_load",
  "bottleneck_avg_ms": 71.3845,
  "stage_statistics": {
    "frame_load": {
      "avg_ms": 71.38448711904762,
      "min_ms": 54.628958,
      "max_ms": 171.461417,
      "p50_ms": 65.2653335,
      "p90_ms": 97.6577914,
      "p95_ms": 107.83188924999995,
      "p99_ms": 151.43927199999982
    },
    "preprocessing": {
      "avg_ms": 5.042525809523809,
      "min_ms": 3.536167,
      "max_ms": 20.862291,
      "p50_ms": 4.477625,
      "p90_ms": 5.7450418999999995,
      "p95_ms": 7.230816649999995,
      "p99_ms": 15.39446293999995
    },
    "grounding_dino_inference": {
      "avg_ms": 0.024748976190476196,
      "min_ms": 0.015875,
      "max_ms": 0.059125,
      "p50_ms": 0.0214165,
      "p90_ms": 0.0387089,
      "p95_ms": 0.040539599999999995,
      "p99_ms": 0.05235999999999994
    },
    "sam2_inference": {
      "avg_ms": 0.9941964285714286,
      "min_ms": 0.138917,
      "max_ms": 3.028,
      "p50_ms": 1.006521,
      "p90_ms": 1.2549875,
      "p95_ms": 1.37174165,
      "p99_ms": 2.716827219999997
    },
    "postprocessing": {
      "avg_ms": 9.05531757142857,
      "min_ms": 4.499125,
      "max_ms": 18.639875,
      "p50_ms": 8.379334,
      "p90_ms": 12.41977,
      "p95_ms": 14.292766399999996,
      "p99_ms": 18.243080689999996
    },
    "temporal_tracking": {
      "avg_ms": 0.002269857142857143,
      "min_ms": 0.001291,
      "max_ms": 0.006625,
      "p50_ms": 0.0020204999999999997,
      "p90_ms": 0.0031586,
      "p95_ms": 0.003727049999999998,
      "p99_ms": 0.0054806899999999895
    },
    "vlm_explanation": {
      "avg_ms": 0.008554619047619049,
      "min_ms": 0.006125,
      "max_ms": 0.018083,
      "p50_ms": 0.00775,
      "p90_ms": 0.0122289,
      "p95_ms": 0.015241049999999996,
      "p99_ms": 0.01709243999999999
    },
    "risk_engine": {
      "avg_ms": 0.00782147619047619,
      "min_ms": 0.005459,
      "max_ms": 0.013208,
      "p50_ms": 0.0071455,
      "p90_ms": 0.0115375,
      "p95_ms": 0.012766949999999997,
      "p99_ms": 0.013105499999999999
    },
    "visualization": {
      "avg_ms": 66.3770973095238,
      "min_ms": 58.619334,
      "max_ms": 99.053125,
      "p50_ms": 63.391437499999995,
      "p90_ms": 75.7485003,
      "p95_ms": 77.34031279999999,
      "p99_ms": 90.60570721999993
    },
    "json_write": {
      "avg_ms": 0.008003000000000001,
      "min_ms": 0.006042,
      "max_ms": 0.014125,
      "p50_ms": 0.0073545,
      "p90_ms": 0.011645799999999996,
      "p95_ms": 0.012397299999999998,
      "p99_ms": 0.013475559999999994
    },
    "total_per_frame": {
      "avg_ms": 152.93043840476193,
      "min_ms": 130.433459,
      "max_ms": 281.618875,
      "p50_ms": 144.12129149999998,
      "p90_ms": 185.6173997,
      "p95_ms": 195.90844824999996,
      "p99_ms": 248.3740930599997
    }
  },
  "notes": "Mock mode timings are useful for validating pipeline overhead and stage orchestration. Use real GroundingDINO/SAM2/VLM backends for true model latency benchmarking."
}