{
  "processed_frames": 14,
  "total_runtime_sec": 30.317168,
  "average_fps": 0.4618,
  "average_latency_per_frame_ms": 2139.5296,
  "bottleneck_stage": "grounding_dino_inference",
  "bottleneck_avg_ms": 729.0004,
  "stage_statistics": {
    "frame_load": {
      "avg_ms": 465.7956886428572,
      "min_ms": 422.868228,
      "max_ms": 525.85494,
      "p50_ms": 461.80809450000004,
      "p90_ms": 510.0196713000001,
      "p95_ms": 525.0797877,
      "p99_ms": 525.69990954
    },
    "preprocessing": {
      "avg_ms": 17.883064214285714,
      "min_ms": 9.025903,
      "max_ms": 71.43612,
      "p50_ms": 12.9203945,
      "p90_ms": 21.051450600000003,
      "p95_ms": 38.82555434999998,
      "p99_ms": 64.91400686999997
    },
    "grounding_dino_inference": {
      "avg_ms": 729.0003560714285,
      "min_ms": 369.113203,
      "max_ms": 4870.583301,
      "p50_ms": 404.94647150000003,
      "p90_ms": 467.66203210000003,
      "p95_ms": 2008.7908239499984,
      "p99_ms": 4298.224805589996
    },
    "sam2_inference": {
      "avg_ms": 455.9107007857142,
      "min_ms": 314.296557,
      "max_ms": 1277.384922,
      "p50_ms": 370.61521849999997,
      "p90_ms": 555.6598169000001,
      "p95_ms": 820.0215980499997,
      "p99_ms": 1185.9122572099993
    },
    "postprocessing": {
      "avg_ms": 26.21318728571428,
      "min_ms": 19.158818,
      "max_ms": 36.364146,
      "p50_ms": 25.870478,
      "p90_ms": 32.589923000000006,
      "p95_ms": 34.36203355,
      "p99_ms": 35.963723509999994
    },
    "temporal_tracking": {
      "avg_ms": 0.0074469285714285705,
      "min_ms": 0.004126,
      "max_ms": 0.02639,
      "p50_ms": 0.0059275000000000005,
      "p90_ms": 0.008127700000000002,
      "p95_ms": 0.014654249999999994,
      "p99_ms": 0.024042849999999987
    },
    "vlm_explanation": {
      "avg_ms": 0.028071928571428574,
      "min_ms": 0.018852,
      "max_ms": 0.089381,
      "p50_ms": 0.023311,
      "p90_ms": 0.030635300000000008,
      "p95_ms": 0.05228809999999998,
      "p99_ms": 0.08196241999999995
    },
    "risk_engine": {
      "avg_ms": 0.02901207142857143,
      "min_ms": 0.015525,
      "max_ms": 0.116777,
      "p50_ms": 0.024278,
      "p90_ms": 0.029309700000000004,
      "p95_ms": 0.06080289999999997,
      "p99_ms": 0.10558217999999994
    },
    "visualization": {
      "avg_ms": 444.4835619285714,
      "min_ms": 360.561458,
      "max_ms": 577.372575,
      "p50_ms": 434.61247000000003,
      "p90_ms": 533.8181062000001,
      "p95_ms": 565.82884085,
      "p99_ms": 575.06382817
    },
    "json_write": {
      "avg_ms": 0.07383700000000001,
      "min_ms": 0.048062,
      "max_ms": 0.167623,
      "p50_ms": 0.0624805,
      "p90_ms": 0.10742200000000002,
      "p95_ms": 0.13151095,
      "p99_ms": 0.16040058999999995
    },
    "total_per_frame": {
      "avg_ms": 2139.529602785714,
      "min_ms": 1601.858612,
      "max_ms": 7358.446272,
      "p50_ms": 1721.4270715,
      "p90_ms": 1951.9767402,
      "p95_ms": 3846.4489201499982,
      "p99_ms": 6656.046801629996
    }
  },
  "notes": "Timings include active backend inference paths."
}