{
  "processed_frames": 42,
  "total_runtime_sec": 7.11732,
  "average_fps": 5.9011,
  "average_latency_per_frame_ms": 167.4218,
  "bottleneck_stage": "visualization",
  "bottleneck_avg_ms": 81.9616,
  "stage_statistics": {
    "frame_load": {
      "avg_ms": 70.73226978571428,
      "min_ms": 52.618417,
      "max_ms": 182.064791,
      "p50_ms": 67.4698125,
      "p90_ms": 83.76042029999999,
      "p95_ms": 99.57772019999996,
      "p99_ms": 157.7432154399998
    },
    "preprocessing": {
      "avg_ms": 5.056945452380953,
      "min_ms": 3.689167,
      "max_ms": 15.211417,
      "p50_ms": 4.419854,
      "p90_ms": 6.580762799999999,
      "p95_ms": 7.264361049999998,
      "p99_ms": 13.89164421999999
    },
    "grounding_dino_inference": {
      "avg_ms": 0.02641671428571428,
      "min_ms": 0.015834,
      "max_ms": 0.054084,
      "p50_ms": 0.0215415,
      "p90_ms": 0.04544999999999999,
      "p95_ms": 0.047566649999999995,
      "p99_ms": 0.05314427999999999
    },
    "sam2_inference": {
      "avg_ms": 0.9751715476190475,
      "min_ms": 0.255458,
      "max_ms": 2.675917,
      "p50_ms": 0.899583,
      "p90_ms": 1.7264124999999995,
      "p95_ms": 1.8099082999999998,
      "p99_ms": 2.4679440899999983
    },
    "postprocessing": {
      "avg_ms": 8.621053642857143,
      "min_ms": 5.563458,
      "max_ms": 18.761251,
      "p50_ms": 8.150937500000001,
      "p90_ms": 11.649561199999999,
      "p95_ms": 13.916091349999995,
      "p99_ms": 17.256567399999987
    },
    "temporal_tracking": {
      "avg_ms": 0.0022232380952380954,
      "min_ms": 0.001375,
      "max_ms": 0.003625,
      "p50_ms": 0.0020210000000000002,
      "p90_ms": 0.0030789,
      "p95_ms": 0.0033729,
      "p99_ms": 0.0035565299999999996
    },
    "vlm_explanation": {
      "avg_ms": 0.008830357142857142,
      "min_ms": 0.0055,
      "max_ms": 0.015291,
      "p50_ms": 0.0078119999999999995,
      "p90_ms": 0.0127837,
      "p95_ms": 0.013,
      "p99_ms": 0.014932659999999997
    },
    "risk_engine": {
      "avg_ms": 0.0083115,
      "min_ms": 0.005041,
      "max_ms": 0.03975,
      "p50_ms": 0.0068755,
      "p90_ms": 0.011146099999999999,
      "p95_ms": 0.011682999999999997,
      "p99_ms": 0.029363059999999906
    },
    "visualization": {
      "avg_ms": 81.96159530952382,
      "min_ms": 65.55125,
      "max_ms": 232.419792,
      "p50_ms": 73.0825,
      "p90_ms": 100.2452631,
      "p95_ms": 114.22378714999998,
      "p99_ms": 186.3637917199996
    },
    "json_write": {
      "avg_ms": 0.008619119047619047,
      "min_ms": 0.006042,
      "max_ms": 0.017792,
      "p50_ms": 0.0077295,
      "p90_ms": 0.0118256,
      "p95_ms": 0.013530599999999999,
      "p99_ms": 0.017074499999999992
    },
    "total_per_frame": {
      "avg_ms": 167.42177090476193,
      "min_ms": 137.041208,
      "max_ms": 320.937834,
      "p50_ms": 153.607959,
      "p90_ms": 203.16974639999998,
      "p95_ms": 215.54595799999998,
      "p99_ms": 308.8628727499999
    }
  },
  "notes": "Mock mode timings are useful for validating pipeline overhead and stage orchestration. Use real GroundingDINO/SAM2/VLM backends for true model latency benchmarking."
}